model,dataset,table_group,term,coefficient,robust_se_hc3,robust_t,p_value,stars,nobs,r_squared,adj_r_squared,aic,bic
re4_o,model_data4_o,ols_main,const,6.597229485845708,1.4708260693757464,4.4853906408156945,1.7459541297351766e-05,***,122,0.469148971575034,0.4365528557945536,457.1501573780302,479.58232573589623
re4_o,model_data4_o,ols_main,log_GDPpc2015,-0.5737431048407978,0.11651242731583561,-4.924308230962573,2.885864664433862e-06,***,122,0.469148971575034,0.4365528557945536,457.1501573780302,479.58232573589623
re4_o,model_data4_o,ols_main,investment,0.09873305991672801,0.03130883832560644,3.153520385838703,0.0020623702396864877,***,122,0.469148971575034,0.4365528557945536,457.1501573780302,479.58232573589623
re4_o,model_data4_o,ols_main,terms_trade_x_trade,-0.0023727171648107565,0.0055630781473860105,-0.42651156463183126,0.6705394467645386,,122,0.469148971575034,0.4365528557945536,457.1501573780302,479.58232573589623
re4_o,model_data4_o,ols_main,gov_exp_reduced,-0.11434449326596326,0.043142696093041236,-2.650378942923936,0.009182898319095337,***,122,0.469148971575034,0.4365528557945536,457.1501573780302,479.58232573589623
re4_o,model_data4_o,ols_main,log_cc_total_plus2,-0.1440396361359649,0.30546468926980713,-0.4715426731655368,0.6381544721878697,,122,0.469148971575034,0.4365528557945536,457.1501573780302,479.58232573589623
re4_o,model_data4_o,ols_main,terms_trade,0.22641490960527816,0.44072520401291665,0.5137326105784558,0.6084332575737594,,122,0.469148971575034,0.4365528557945536,457.1501573780302,479.58232573589623
re4_o,model_data4_o,ols_main,trade,0.008200891327676563,0.005163223584420424,1.5883277556335225,0.11498195715981825,,122,0.469148971575034,0.4365528557945536,457.1501573780302,479.58232573589623
