block,wooldridge_pvalue,breusch_pagan_pvalue,pesaran_cd_pvalue
small_full,0.20745403136234097,0.8606249425465762,0.0
small_reduced,0.011341920658058724,0.12330288118642686,0.0
main_reduced,5.6310406242099376e-05,0.012369472727834948,0.0
