block,lm_pvalue,f_pooled_pvalue,hausman_pvalue
small_full,9.778548545421535e-162,0.0,6.27449309106294e-11
small_reduced,6.078520775782284e-217,0.0,1.4244216981713748e-10
main_reduced,1.0275175234190861e-196,0.0,8.287755443936664e-77
