block,lm_pvalue,f_pooled_pvalue,hausman_pvalue
small_full,9.778548545421535e-162,0.0,6.274493091245282e-11
small_reduced,6.078520775782284e-217,0.0,1.4244216981566539e-10
main_reduced,1.0275175234189106e-196,0.0,8.287755443068657e-77
