block,lm_pvalue,f_pooled_pvalue,hausman_pvalue
small_full,9.778548545425995e-162,0.0,6.274493091008981e-11
small_reduced,6.078520775780206e-217,0.0,1.424421698138533e-10
main_reduced,1.0275175234195546e-196,0.0,8.287755445199486e-77
